{
  "upperTexture": "texture/saturn.png",
  "lowerTexture": "texture/stars.png",
  "outputImage": "output/saturn_high_res.png",

  "rho": 1.0,
  "a": 0.05,
  "M": 0.02,

  "outWidth": 1600,
  "outHeight": 900,

  "viewPlaneWidthAngle": 60.0,

  "dt": -0.01,
  "cameraDistance": -6.3,
  
  "numPhotos": 100,
  "outputFolder": "output/vary_phi",
  "cameraPoints": [
    [-6.3, 1.57079632679, 0, 0],
    [-6.3, 1.57079632679, 0.785398163397,  1],
    [-6.3, 1.57079632679, 1.57079632679,  2],
    [-6.3, 1.57079632679, 2.35619449019,  3],
    [-6.3, 1.57079632679, 3.14159265359,  4],
    [-6.3, 1.57079632679, 3.92699081699,  5],
    [-6.3, 1.57079632679, 4.71238898038,  6],
    [-6.3, 1.57079632679, 5.49778714378,  7],
    [-6.3, 1.57079632679, 6.28318530718, 8]
  ]
}
